{"cameraMode":{"drawMode":0,"name":"Shaded","section":"Shading Mode"},"sceneLighting":true,"audioPlay":false,"sceneViewState":{"showFog":true,"showMaterialUpdate":false,"showSkybox":true,"showFlares":true,"showImageEffects":true,"showParticleSystems":true},"in2DMode":false,"pivot":{"x":-1.1920928955078126e-7,"y":1.518474817276001,"z":-1.9995644092559815},"rotation":{"x":-0.1286357045173645,"y":0.6231289505958557,"z":-0.10500866174697876,"w":-0.7644149661064148},"size":1.9190294742584229,"orthographic":false}